Index,Hunt,Prey
0,10,19
1,10,19
2,10,19
3,10,19
4,10,19
5,10,19
6,10,19
7,10,20
8,10,20
9,10,20
10,10,20
11,10,20
12,10,20
13,10,20
14,10,20
15,10,20
16,10,20
17,10,20
18,10,20
19,10,20
20,10,20
21,10,20
22,10,20
23,10,20
24,10,20
25,10,20
26,10,20
27,10,20
28,10,20
29,10,20
30,10,20
31,10,20
32,10,20
33,10,20
34,10,20
35,10,20
36,11,19
37,11,20
38,11,20
39,11,20
40,11,20
41,11,20
42,11,20
43,11,20
44,11,20
45,11,20
46,11,20
47,11,20
48,12,19
49,12,20
50,12,20
51,12,20
52,12,20
53,12,20
54,12,20
55,12,20
56,12,20
57,12,20
58,12,20
59,12,20
60,13,19
61,13,19
62,13,19
63,13,19
64,13,19
65,13,19
66,13,19
67,13,19
68,13,19
69,13,19
70,13,19
71,13,19
72,13,19
73,13,19
74,13,19
75,13,19
76,13,19
77,13,19
78,13,19
79,13,19
80,13,19
81,13,19
82,13,19
83,13,19
84,13,19
85,13,19
86,14,18
87,14,18
88,14,18
89,14,18
90,14,18
91,14,18
92,14,18
93,14,18
94,14,18
95,14,18
96,14,18
97,14,18
98,14,18
99,14,18
100,14,18
101,14,18
102,14,18
103,14,18
104,14,18
105,14,19
106,14,19
107,14,19
108,14,19
109,14,19
110,14,19
111,14,19
112,15,18
113,15,18
114,15,18
115,15,18
116,16,17
117,17,16
118,18,15
119,21,12
120,21,12
121,21,12
122,21,12
123,21,12
124,21,12
125,21,12
126,21,12
127,20,12
128,20,12
129,20,12
130,20,12
131,20,12
132,20,12
133,20,12
134,20,12
135,20,12
136,20,12
137,20,12
138,20,12
139,20,12
140,20,12
141,20,12
142,20,12
143,20,12
144,20,12
145,20,13
146,20,13
147,20,13
148,20,13
149,20,13
150,20,13
151,20,13
152,20,13
153,20,13
154,20,13
155,20,13
156,20,13
157,20,13
158,20,13
159,20,13
160,19,13
161,19,13
162,19,13
163,19,13
164,19,13
165,19,13
166,19,13
167,19,13
168,19,13
169,19,13
170,19,13
171,19,13
172,19,13
173,19,13
174,19,13
175,19,13
176,19,13
177,18,13
178,18,13
179,18,13
180,18,13
181,18,13
182,18,13
183,18,13
184,18,13
185,18,13
186,18,13
187,18,13
188,18,13
189,18,13
190,18,13
191,18,13
192,18,13
193,18,13
194,18,13
195,17,13
196,17,13
197,17,13
198,17,13
199,17,13
200,17,14
201,17,14
202,17,14
203,17,14
204,17,14
205,17,14
206,17,14
207,17,14
208,17,14
209,17,14
210,17,14
211,17,14
212,17,14
213,17,14
214,17,15
215,17,15
216,17,15
217,17,15
218,17,15
219,17,15
220,17,15
221,17,15
222,17,15
223,17,15
224,17,15
225,17,15
226,17,15
227,17,15
228,17,15
229,17,15
230,17,15
231,17,15
232,17,15
233,17,15
234,17,15
235,17,15
236,17,15
237,17,15
238,17,15
239,17,16
240,17,16
241,17,16
242,17,16
243,17,16
244,17,16
245,17,16
246,17,16
247,17,16
248,17,16
249,17,16
250,17,16
251,17,16
252,17,16
253,17,16
254,17,16
255,17,16
256,17,16
257,17,16
258,17,16
259,17,16
260,17,16
261,17,16
262,17,16
263,17,16
264,17,16
265,17,16
266,17,16
267,17,16
268,17,16
269,17,16
270,17,16
271,17,16
272,17,16
273,17,16
274,17,16
275,16,16
276,16,16
277,16,16
278,16,16
279,16,16
280,16,16
281,16,16
282,16,16
283,16,16
284,16,16
285,16,16
286,16,16
287,16,16
288,15,16
289,15,16
290,15,16
291,15,16
292,15,16
293,15,16
294,15,16
295,15,16
296,16,15
297,16,15
298,16,15
299,16,15
300,16,15
301,16,15
302,16,15
303,16,15
304,16,15
305,16,15
306,16,15
307,16,15
308,16,15
309,16,15
310,16,15
311,16,15
312,16,15
313,16,15
314,16,15
315,16,15
316,16,15
317,16,15
318,16,15
319,16,15
320,16,15
321,16,15
322,16,15
323,16,15
324,16,15
325,16,15
326,16,15
327,16,15
328,16,15
329,16,15
330,17,14
331,17,15
332,17,15
333,17,15
334,17,15
335,17,15
336,17,15
337,17,15
338,17,15
339,17,16
340,17,16
341,17,16
342,17,16
343,17,16
344,17,16
345,17,16
346,17,16
347,17,16
348,17,16
349,17,16
350,17,16
351,17,16
352,17,16
353,18,15
354,18,15
355,18,15
356,18,15
357,18,15
358,19,14
359,20,13
360,21,12
361,22,11
362,22,11
363,22,9
364,22,9
365,22,9
366,22,9
367,22,9
368,22,9
369,22,9
370,22,9
371,23,8
372,23,8
373,23,8
374,23,8
375,23,8
376,23,8
377,23,8
378,23,8
379,23,8
380,23,8
381,23,8
382,24,7
383,24,7
384,24,7
385,24,7
386,24,7
387,24,7
388,24,7
389,24,7
390,24,7
391,24,7
392,23,7
393,23,7
394,23,7
395,23,7
396,23,6
397,23,6
398,23,6
399,23,6
400,23,6
401,23,6
402,23,6
403,23,6
404,23,6
405,23,6
406,23,6
407,23,6
408,23,6
409,23,6
410,23,6
411,23,6
412,23,6
413,23,6
414,23,6
415,23,6
416,23,6
417,23,6
418,23,6
419,23,6
420,23,6
421,23,6
422,23,6
423,23,6
424,23,6
425,23,6
426,23,6
427,23,6
428,23,7
429,23,7
430,23,7
431,23,7
432,23,7
433,23,7
434,23,7
435,23,7
436,22,7
437,22,7
438,22,7
439,22,7
440,22,7
441,22,7
442,22,7
443,22,7
444,22,7
445,22,7
446,22,7
447,22,7
448,22,7
449,22,7
450,22,7
451,22,7
452,22,7
453,22,7
454,22,7
455,22,7
456,22,7
457,22,7
458,22,7
459,22,7
460,22,7
461,22,7
462,22,7
463,22,7
464,22,7
465,22,7
466,22,7
467,22,7
468,22,7
469,22,7
470,22,7
471,22,7
472,22,7
473,22,7
474,22,7
475,22,7
476,22,7
477,22,7
478,22,7
479,22,7
480,22,7
481,22,7
482,22,7
483,22,7
484,22,7
485,22,7
486,22,7
487,22,7
488,22,7
489,22,7
490,22,7
491,22,7
492,22,7
493,22,7
494,22,7
495,22,8
496,22,8
497,22,8
498,22,8
499,22,8
500,22,8
501,22,8
502,22,8
503,22,8
504,22,8
505,22,8
506,22,8
507,22,8
508,22,8
509,22,8
510,22,8
511,22,8
512,22,8
513,22,8
514,22,8
515,22,8
516,22,8
517,22,8
518,22,8
519,22,8
520,22,8
521,22,8
522,22,8
523,22,8
524,22,9
525,22,9
526,22,9
527,22,9
528,22,9
529,22,9
530,22,9
531,22,9
532,22,9
533,22,9
534,22,9
535,22,9
536,22,9
537,22,9
538,22,9
539,22,9
540,22,9
541,22,9
542,24,7
543,27,4
544,27,4
545,27,4
546,27,4
547,27,4
548,34,-3
549,34,-3
550,34,-3
551,34,-3
552,34,-3
553,34,-3
554,34,-3
555,34,-3
556,34,-3
557,34,-3
558,34,-3
559,34,-3
560,34,-3
561,34,-3
562,34,-3
563,34,-3
564,34,-3
565,34,-3
566,34,-3
567,34,-3
568,34,-3
569,34,-3
570,34,-3
571,34,-3
572,34,-3
573,34,-3
574,34,-3
575,34,-3
576,34,-3
577,34,-3
578,34,-3
579,34,-3
580,34,-3
581,34,-3
582,34,-3
583,34,-3
584,34,-2
585,34,-2
586,33,-2
587,33,-2
588,33,-2
589,33,-2
590,33,-2
591,33,-2
592,33,-2
593,33,-2
594,33,-2
595,33,-2
596,33,-2
597,33,-2
598,33,-2
599,33,-2
600,33,-2
601,33,-2
602,33,-2
603,33,-2
604,33,-2
605,33,-2
606,33,-2
607,33,-2
608,33,-2
609,33,-2
610,34,-3
611,33,-3
612,33,-3
613,33,-3
614,33,-3
615,33,-3
616,33,-3
617,33,-3
618,33,-3
619,33,-3
620,33,-3
621,33,-3
622,33,-3
623,33,-3
624,33,-3
625,33,-3
626,33,-3
627,33,-3
628,32,-3
629,32,-3
630,32,-3
631,32,-3
632,32,-3
633,32,-3
634,32,-3
635,32,-3
636,32,-3
637,32,-3
638,32,-3
639,32,-3
640,32,-3
641,32,-3
642,32,-3
643,32,-3
644,32,-3
645,32,-3
646,32,-3
647,32,-3
648,32,-3
649,32,-3
650,32,-3
651,32,-3
652,32,-3
653,32,-3
654,32,-3
655,32,-3
656,32,-3
657,32,-3
658,32,-3
659,32,-3
660,32,-3
661,32,-3
662,32,-3
663,32,-3
664,32,-3
665,32,-3
666,32,-3
667,32,-3
668,32,-3
669,32,-3
670,32,-3
671,32,-3
672,32,-3
673,31,-3
674,31,-3
675,31,-3
676,31,-3
677,31,-3
678,31,-3
679,31,-3
680,31,-3
681,30,-3
682,30,-3
683,30,-3
684,30,-3
685,30,-3
686,30,-3
687,30,-3
688,30,-3
689,30,-3
690,30,-3
691,30,-3
692,30,-3
693,30,-3
694,30,-3
695,30,-3
696,30,-3
697,30,-3
698,30,-3
699,30,-3
700,30,-3
701,30,-3
702,30,-3
703,30,-3
704,30,-3
705,30,-3
706,30,-3
707,30,-2
708,30,-2
709,30,-2
710,30,-2
711,30,-2
712,30,-2
713,30,-2
714,30,-2
715,30,-2
716,30,-2
717,30,-2
718,30,-2
719,31,-3
720,31,-3
721,31,-3
722,31,-3
723,31,-3
724,31,-3
725,31,-3
726,32,-4
727,32,-4
728,32,-4
729,32,-4
730,32,-4
731,32,-4
732,32,-4
733,32,-4
734,32,-4
735,31,-4
736,31,-4
737,31,-4
738,31,-4
739,31,-4
740,31,-4
741,31,-4
742,31,-4
743,31,-4
744,31,-4
745,31,-4
746,31,-4
747,31,-4
748,31,-4
749,31,-4
750,32,-5
751,32,-5
752,32,-5
753,32,-5
754,32,-5
755,32,-5
756,32,-5
757,32,-5
758,32,-5
759,32,-6
760,32,-6
761,32,-6
762,32,-6
763,32,-6
764,32,-6
765,32,-6
766,32,-6
767,32,-6
768,32,-6
769,32,-6
770,32,-6
771,32,-6
772,32,-6
773,32,-6
774,32,-6
775,32,-6
776,32,-6
777,32,-6
778,32,-6
779,32,-6
780,32,-6
781,32,-6
782,32,-6
783,32,-6
784,32,-6
785,32,-6
786,32,-6
787,32,-6
788,32,-6
789,32,-6
790,31,-6
791,31,-6
792,31,-6
793,31,-6
794,31,-6
795,31,-6
796,31,-6
797,31,-6
798,31,-6
799,30,-6
800,30,-6
801,30,-6
802,30,-6
803,30,-6
804,30,-6
805,30,-6
806,30,-6
807,30,-6
808,30,-6
809,30,-6
810,30,-6
811,30,-6
812,30,-6
813,30,-6
814,30,-6
815,30,-6
816,30,-6
817,30,-6
818,30,-6
819,30,-6
820,30,-6
821,30,-6
822,30,-6
823,30,-6
824,29,-6
825,29,-6
826,29,-6
827,29,-6
828,29,-6
829,29,-6
830,29,-6
831,29,-6
832,29,-6
833,29,-6
834,29,-6
835,29,-6
836,29,-6
837,29,-6
838,29,-6
839,29,-6
840,28,-6
841,28,-6
842,28,-6
843,28,-6
844,28,-6
845,28,-6
846,28,-6
847,28,-6
848,28,-6
849,28,-6
850,28,-6
851,28,-6
852,28,-6
853,28,-6
854,28,-6
855,28,-6
856,28,-6
857,28,-6
858,28,-6
859,28,-6
860,28,-6
861,28,-6
862,28,-6
863,28,-6
864,28,-6
865,28,-6
866,28,-6
867,28,-6
868,28,-6
869,28,-6
870,28,-6
871,28,-6
872,28,-6
873,28,-6
874,28,-6
875,28,-6
876,28,-6
877,28,-6
878,28,-6
879,28,-6
880,28,-6
881,28,-6
882,28,-6
883,28,-6
884,28,-6
885,28,-6
886,28,-6
887,28,-6
888,28,-6
889,28,-6
890,27,-6
891,27,-6
892,27,-6
893,27,-6
894,27,-6
895,27,-6
896,27,-6
897,27,-6
898,27,-6
899,27,-6
900,27,-6
901,27,-6
902,27,-6
903,27,-6
904,27,-6
905,27,-6
906,27,-6
907,27,-6
908,27,-6
909,27,-6
910,27,-6
911,27,-6
912,27,-6
913,27,-6
914,27,-6
915,27,-6
916,27,-5
917,27,-5
918,27,-5
919,27,-5
920,27,-5
921,27,-5
922,27,-5
923,27,-5
924,27,-5
925,27,-5
926,27,-5
927,27,-5
928,27,-5
929,27,-11
930,27,-11
931,27,-11
932,27,-11
933,27,-11
934,27,-11
935,27,-11
936,27,-11
937,27,-11
938,27,-11
939,27,-11
940,26,-11
941,26,-11
942,26,-11
943,26,-11
944,26,-11
945,27,-12
946,28,-13
947,29,-14
948,29,-14
949,29,-14
950,29,-14
951,29,-14
952,29,-14
953,28,-14
954,28,-14
955,28,-14
956,28,-14
957,28,-14
958,28,-14
959,28,-14
960,28,-14
961,28,-14
962,28,-14
963,28,-14
964,28,-14
965,27,-14
966,27,-14
967,27,-14
968,27,-14
969,27,-14
970,27,-14
971,27,-14
972,27,-14
973,27,-14
974,27,-14
975,27,-14
976,27,-14
977,27,-14
978,27,-14
979,27,-14
980,27,-15
981,27,-15
982,27,-15
983,27,-15
984,27,-15
985,27,-15
986,27,-15
987,27,-15
988,27,-15
989,27,-15
990,27,-15
991,27,-15
992,27,-15
993,27,-15
994,27,-15
995,27,-15
996,27,-15
997,27,-15
998,27,-15
999,27,-15
1000,27,-15
1001,27,-15
1002,27,-15
1003,27,-15
1004,27,-15
1005,27,-15
1006,27,-15
1007,27,-15
1008,27,-15
1009,27,-15
1010,27,-15
1011,27,-15
1012,27,-15
1013,27,-15
1014,27,-15
1015,27,-15
1016,27,-15
1017,26,-15
1018,25,-15
1019,25,-15
1020,25,-15
1021,25,-15
1022,25,-15
1023,25,-15
1024,25,-15
1025,25,-15
1026,25,-15
1027,25,-15
1028,25,-15
1029,25,-15
1030,25,-15
1031,25,-15
1032,25,-15
1033,25,-15
1034,25,-15
1035,25,-15
1036,25,-15
1037,25,-15
1038,25,-15
1039,25,-15
1040,25,-15
1041,25,-15
1042,25,-15
1043,25,-15
1044,25,-15
1045,25,-15
1046,25,-15
1047,25,-15
1048,25,-15
1049,25,-15
1050,25,-14
1051,25,-14
1052,25,-14
1053,25,-14
1054,25,-14
1055,25,-14
1056,25,-14
1057,25,-14
1058,25,-14
1059,25,-14
1060,25,-14
1061,24,-14
1062,24,-14
1063,24,-14
1064,24,-14
1065,24,-13
1066,24,-13
1067,24,-13
1068,24,-13
1069,23,-13
1070,23,-13
1071,23,-13
1072,23,-13
1073,23,-13
1074,23,-13
1075,23,-13
1076,23,-13
1077,23,-13
1078,23,-13
1079,23,-13
1080,23,-13
1081,23,-13
1082,23,-13
1083,23,-13
1084,23,-13
1085,23,-13
1086,23,-13
1087,23,-13
1088,23,-13
1089,23,-13
1090,23,-13
1091,23,-13
1092,23,-13
1093,23,-13
1094,23,-13
1095,23,-13
1096,23,-13
1097,23,-13
1098,23,-13
1099,23,-13
1100,23,-13
1101,23,-13
1102,23,-13
1103,22,-13
1104,22,-13
1105,22,-13
1106,22,-13
1107,22,-13
1108,22,-13
1109,22,-13
1110,22,-13
1111,22,-13
1112,22,-13
1113,22,-13
1114,22,-13
1115,22,-13
1116,22,-13
1117,22,-13
1118,22,-13
1119,22,-13
1120,22,-13
1121,22,-13
1122,22,-13
1123,22,-13
1124,22,-13
1125,22,-13
1126,22,-13
1127,22,-13
1128,22,-13
1129,22,-13
1130,21,-13
1131,21,-13
1132,21,-13
1133,21,-13
1134,21,-13
1135,21,-13
1136,21,-13
1137,21,-13
1138,21,-13
1139,21,-13
1140,21,-13
1141,21,-13
1142,21,-13
1143,21,-13
1144,21,-13
1145,21,-13
1146,21,-13
1147,21,-13
1148,21,-13
1149,21,-13
1150,21,-13
1151,21,-13
1152,21,-13
1153,21,-13
1154,21,-13
1155,21,-13
1156,21,-13
1157,21,-13
1158,21,-13
1159,21,-13
1160,21,-13
1161,21,-13
1162,21,-13
1163,21,-13
1164,21,-13
1165,20,-13
1166,20,-13
1167,20,-13
1168,20,-13
1169,20,-13
1170,20,-14
1171,20,-14
1172,20,-14
1173,20,-14
1174,20,-14
1175,20,-14
1176,20,-14
1177,20,-14
1178,20,-14
1179,20,-14
1180,20,-14
1181,20,-14
1182,20,-14
1183,20,-14
1184,20,-14
1185,20,-14
1186,20,-14
1187,20,-14
1188,20,-14
1189,20,-14
1190,20,-14
1191,20,-14
1192,20,-14
1193,20,-14
1194,20,-14
1195,20,-14
1196,20,-14
1197,20,-14
1198,20,-14
1199,20,-14
1200,20,-14
1201,20,-14
1202,20,-14
1203,20,-14
1204,20,-14
1205,20,-14
1206,20,-14
1207,20,-14
1208,20,-14
1209,20,-14
1210,20,-14
1211,20,-14
1212,20,-14
1213,20,-14
1214,20,-14
1215,20,-14
1216,20,-14
1217,20,-14
1218,20,-14
1219,20,-14
1220,20,-14
1221,20,-14
1222,20,-14
1223,20,-14
1224,20,-14
1225,20,-14
1226,20,-14
1227,20,-14
1228,20,-14
1229,20,-14
1230,20,-14
1231,20,-14
1232,20,-14
1233,20,-14
1234,20,-14
1235,20,-14
1236,20,-14
1237,20,-14
1238,20,-14
1239,20,-14
1240,20,-14
1241,20,-14
1242,20,-14
1243,20,-14
1244,20,-14
1245,20,-14
1246,20,-14
1247,20,-14
1248,20,-14
1249,19,-14
1250,19,-14
1251,19,-14
1252,19,-14
1253,19,-14
1254,19,-14
1255,19,-14
1256,18,-14
1257,18,-14
1258,18,-14
1259,18,-14
1260,18,-14
1261,18,-14
1262,18,-14
1263,18,-14
1264,18,-14
1265,18,-14
1266,18,-14
1267,18,-14
1268,18,-14
1269,18,-14
1270,18,-14
1271,18,-14
1272,18,-14
1273,18,-14
1274,18,-14
1275,18,-14
1276,18,-14
1277,18,-14
1278,18,-14
1279,18,-14
1280,18,-14
1281,18,-14
1282,18,-14
1283,18,-14
1284,18,-14
1285,18,-14
1286,18,-14
1287,18,-14
1288,18,-14
1289,18,-14
1290,18,-14
1291,18,-14
1292,18,-14
1293,18,-13
1294,18,-13
1295,18,-13
1296,18,-13
1297,18,-13
1298,18,-13
1299,18,-13
1300,18,-13
1301,18,-13
1302,18,-13
1303,18,-13
1304,18,-13
1305,18,-13
1306,18,-13
1307,18,-13
1308,18,-13
1309,18,-13
1310,18,-13
1311,18,-13
1312,18,-13
1313,18,-13
1314,18,-13
1315,18,-13
1316,18,-13
1317,18,-13
1318,18,-13
1319,18,-13
1320,18,-13
1321,18,-13
1322,18,-13
1323,18,-13
1324,18,-13
1325,18,-13
1326,18,-13
1327,18,-13
1328,18,-13
1329,18,-13
1330,18,-13
1331,18,-13
1332,18,-13
1333,18,-13
1334,18,-13
1335,18,-13
1336,18,-13
1337,18,-13
1338,18,-13
1339,18,-13
1340,18,-13
1341,18,-13
1342,18,-13
1343,18,-13
1344,18,-13
1345,18,-13
1346,18,-13
1347,18,-12
1348,18,-12
1349,18,-12
1350,18,-12
1351,18,-12
1352,18,-12
1353,18,-12
1354,18,-12
1355,18,-12
1356,18,-12
1357,18,-12
1358,18,-12
1359,18,-12
1360,18,-12
1361,18,-12
1362,18,-12
1363,18,-12
1364,18,-12
1365,18,-12
1366,18,-12
1367,18,-12
1368,18,-12
1369,18,-12
1370,18,-12
1371,18,-12
1372,17,-12
1373,17,-12
1374,17,-12
1375,17,-12
1376,17,-12
1377,17,-12
1378,17,-12
1379,17,-12
1380,17,-12
1381,17,-12
1382,17,-12
1383,17,-12
1384,17,-12
1385,17,-12
1386,17,-12
1387,17,-12
1388,17,-12
1389,17,-12
1390,17,-12
1391,17,-12
1392,17,-12
1393,17,-12
1394,17,-12
1395,17,-12
1396,17,-12
1397,17,-12
1398,17,-12
1399,17,-12
1400,17,-12
1401,17,-12
1402,17,-12
1403,17,-12
1404,17,-12
1405,17,-12
1406,17,-12
1407,17,-12
1408,17,-12
1409,17,-12
1410,17,-12
1411,17,-12
1412,17,-12
1413,17,-12
1414,17,-12
1415,17,-12
1416,17,-12
1417,17,-12
1418,16,-12
1419,16,-12
1420,16,-12
1421,16,-12
1422,16,-12
1423,10,-4
1424,10,-4
1425,10,-4
1426,10,-4
1427,10,-4
1428,10,-4
1429,10,-4
1430,10,-4
1431,10,-4
1432,10,-4
1433,10,-4
1434,10,-4
1435,10,-4
1436,10,-4
1437,10,-4
1438,10,-4
1439,10,-4
1440,10,-4
1441,10,-4
1442,10,-4
1443,10,-4
1444,10,-4
1445,10,-4
1446,9,-4
1447,9,-4
1448,9,-4
1449,9,-4
1450,9,-4
1451,9,-4
1452,9,-4
1453,9,-4
1454,9,-4
1455,9,-4
1456,9,-4
1457,9,-4
1458,9,-4
1459,9,-4
1460,9,-4
1461,9,-4
1462,9,-4
1463,9,-4
1464,9,-4
1465,9,-4
1466,9,-4
1467,9,-4
1468,9,-4
1469,9,-4
1470,9,-4
1471,9,-4
1472,9,-4
1473,9,-3
1474,9,-3
1475,9,-3
1476,9,-3
1477,9,-3
1478,9,-3
1479,9,-3
1480,9,-3
1481,9,-3
1482,9,-3
1483,9,-3
1484,9,-3
1485,9,-3
1486,9,-3
1487,9,-3
1488,9,-3
1489,9,-3
1490,9,-3
1491,9,-3
1492,9,-3
1493,9,-3
1494,9,-3
1495,9,-3
1496,9,-3
1497,9,-3
1498,9,-3
1499,9,-3
1500,9,-3
1501,9,-3
1502,9,-3
1503,9,-3
1504,9,-3
1505,9,-3
1506,9,-3
1507,9,-3
1508,9,-3
1509,9,-3
1510,9,-3
1511,9,-3
1512,9,-3
1513,9,-3
1514,9,-3
1515,9,-3
1516,9,-3
1517,9,-3
1518,9,-3
1519,9,-3
1520,9,-3
1521,9,-2
1522,9,-2
1523,9,-2
1524,9,-2
1525,9,-2
1526,9,-2
1527,9,-2
1528,9,-2
1529,9,-2
1530,9,-2
1531,9,-2
1532,9,-2
1533,9,-2
1534,9,-2
1535,9,-2
1536,9,-2
1537,6,-2
1538,6,-2
1539,6,-2
1540,6,-2
1541,6,-2
1542,6,-2
1543,6,-2
1544,6,-2
1545,6,-2
1546,6,-2
1547,6,-2
1548,6,-2
1549,6,-2
1550,6,-2
1551,6,-2
1552,6,-2
1553,6,-2
1554,6,-2
1555,6,-2
1556,6,-2
1557,6,-2
1558,6,-2
1559,6,-2
1560,6,-2
1561,6,-2
1562,6,-2
1563,6,-2
1564,6,-2
1565,6,-2
1566,6,-2
1567,6,-2
1568,6,-2
1569,6,-2
1570,6,-2
1571,6,-2
1572,6,-2
1573,6,-2
1574,6,-2
1575,6,-2
1576,6,-2
1577,6,-2
1578,6,-2
1579,6,-2
1580,6,-2
1581,6,-2
1582,6,-2
1583,6,-2
1584,6,-2
1585,6,-2
1586,6,-2
1587,6,-2
1588,6,-2
1589,6,-2
1590,6,-2
1591,6,-2
1592,6,-2
1593,6,-2
1594,6,-2
1595,6,-2
1596,6,-2
1597,6,-2
1598,6,-2
1599,6,-2
1600,6,-2
1601,5,-2
1602,5,-2
1603,5,-2
1604,5,-2
1605,5,-2
1606,5,-2
1607,5,-2
1608,5,-2
1609,5,-2
1610,5,-2
1611,5,-2
1612,5,-2
1613,5,-2
1614,5,-2
1615,5,-2
1616,5,-2
1617,5,-2
1618,5,-2
1619,5,-2
1620,5,-2
1621,5,-2
1622,5,-2
1623,5,-2
1624,5,-2
1625,5,-2
1626,5,-1
1627,5,-1
1628,5,-1
1629,5,-1
1630,5,-1
1631,5,-1
1632,5,-1
1633,5,-1
1634,5,-1
1635,5,-1
1636,5,-1
1637,5,-1
1638,5,-1
1639,5,-1
1640,5,-1
1641,5,-1
1642,5,-1
1643,5,-1
1644,5,-1
1645,5,-1
1646,5,-1
1647,5,-1
1648,5,-1
1649,5,-1
1650,5,-1
1651,5,-1
1652,5,-1
1653,5,-1
1654,5,-1
1655,5,-1
1656,5,-1
1657,5,-1
1658,5,-1
1659,5,-1
1660,5,-1
1661,5,-1
1662,6,-2
1663,6,-2
1664,6,-2
1665,6,-2
1666,6,-2
1667,6,-2
1668,6,-2
1669,6,-2
1670,6,-2
1671,6,-2
1672,6,-2
1673,6,-2
1674,6,-2
1675,6,-2
1676,6,-2
1677,6,-2
1678,6,-2
1679,6,-2
1680,7,-3
1681,7,-3
1682,7,-3
1683,7,-3
1684,7,-3
1685,7,-3
1686,7,-3
1687,7,-3
1688,7,-3
1689,7,-3
1690,7,-3
1691,7,-3
1692,7,-3
1693,7,-3
1694,7,-3
1695,7,-3
1696,7,-3
1697,7,-3
1698,7,-3
1699,7,-3
1700,7,-3
1701,7,-3
1702,7,-3
1703,7,-3
1704,7,-3
1705,7,-3
1706,7,-3
1707,7,-3
1708,7,-3
1709,7,-3
1710,7,-3
1711,7,-3
1712,7,-3
1713,7,-3
1714,7,-3
1715,7,-3
1716,7,-3
1717,7,-3
1718,7,-3
1719,7,-3
1720,7,-3
1721,7,-3
1722,7,-3
1723,7,-3
1724,7,-3
1725,7,-3
1726,7,-3
1727,7,-3
1728,7,-3
1729,7,-3
1730,6,-3
1731,6,-3
1732,6,-3
1733,6,-3
1734,6,-3
1735,6,-3
1736,6,-3
1737,6,-3
1738,6,-3
1739,6,-3
1740,6,-3
1741,4,13
1742,4,13
1743,4,13
1744,4,13
1745,4,13
1746,4,13
1747,4,13
1748,4,13
1749,4,13
1750,4,13
1751,4,13
1752,4,13
1753,4,13
1754,4,13
1755,4,16
1756,4,22
1757,4,22
1758,4,22
1759,4,22
1760,4,22
1761,4,22
1762,4,22
1763,4,22
1764,4,22
1765,4,22
1766,4,22
1767,4,22
1768,4,22
1769,4,22
1770,4,22
1771,4,22
1772,4,22
1773,4,22
1774,4,22
1775,4,22
1776,4,22
1777,4,22
1778,4,22
1779,4,21
1780,4,19
1781,4,19
1782,4,19
1783,4,19
1784,4,19
1785,4,19
1786,3,19
1787,3,19
1788,3,19
1789,3,19
1790,3,19
1791,3,19
1792,3,19
1793,3,19
1794,3,19
1795,3,19
1796,3,19
1797,3,19
1798,3,19
1799,3,19
1800,3,19
1801,3,19
1802,3,19
1803,3,19
1804,3,19
1805,3,19
1806,3,19
1807,3,19
1808,3,19
1809,3,19
1810,3,19
1811,3,19
1812,3,19
1813,3,19
1814,3,19
1815,3,19
1816,3,19
1817,3,19
1818,3,19
1819,3,19
1820,3,19
1821,3,19
1822,3,19
1823,3,19
1824,3,20
1825,3,20
1826,3,20
1827,3,20
1828,3,20
1829,3,20
1830,3,20
1831,3,20
1832,3,20
1833,3,20
1834,3,20
1835,3,20
1836,3,20
1837,3,20
1838,3,20
1839,3,20
1840,3,19
1841,3,19
1842,3,19
1843,3,19
1844,3,19
1845,3,19
1846,3,19
1847,3,19
1848,3,19
1849,3,19
1850,3,19
1851,3,19
1852,3,19
1853,3,19
1854,3,19
1855,3,19
1856,3,19
1857,3,19
1858,3,19
1859,3,19
1860,3,19
1861,3,19
1862,3,19
1863,3,19
1864,3,19
1865,3,19
1866,3,19
1867,3,19
1868,3,19
1869,3,19
1870,3,19
1871,3,19
1872,3,19
1873,3,19
1874,3,19
1875,3,19
1876,3,19
1877,3,19
1878,3,19
1879,3,19
1880,3,19
1881,3,19
1882,3,19
1883,3,19
1884,3,19
1885,3,19
1886,3,19
1887,3,18
1888,3,18
1889,3,18
1890,3,18
1891,3,18
1892,3,18
1893,3,18
1894,3,18
1895,3,18
1896,3,18
1897,3,18
1898,3,18
1899,3,18
1900,3,18
1901,3,18
1902,3,18
1903,3,18
1904,3,18
1905,3,18
1906,3,18
1907,3,18
1908,3,18
1909,3,18
1910,3,18
1911,3,18
1912,3,18
1913,3,18
1914,3,18
1915,3,18
1916,3,18
1917,3,18
1918,3,18
1919,3,18
1920,3,18
1921,3,18
1922,3,18
1923,3,18
1924,3,18
1925,3,18
1926,3,18
1927,3,18
1928,3,18
1929,3,18
1930,3,18
1931,3,18
1932,3,18
1933,3,18
1934,3,18
1935,3,18
1936,3,18
1937,3,18
1938,3,18
1939,3,18
1940,3,18
1941,3,18
1942,3,18
1943,3,18
1944,3,18
1945,3,18
1946,3,19
1947,3,19
1948,3,19
1949,3,19
1950,4,18
1951,4,18
1952,4,18
1953,4,18
1954,4,18
1955,4,18
1956,4,18
1957,4,18
1958,4,18
1959,4,18
1960,4,18
1961,4,18
1962,4,18
1963,4,18
1964,4,18
1965,4,18
1966,4,18
1967,4,18
1968,4,18
1969,4,21
1970,4,27
1971,4,27
1972,4,27
1973,4,27
1974,4,27
1975,4,27
1976,4,27
1977,4,27
1978,4,27
1979,4,27
1980,4,27
1981,4,27
1982,4,27
1983,4,27
1984,4,27
1985,4,27
1986,4,27
1987,4,27
1988,4,27
1989,4,27
1990,4,27
1991,4,27
1992,4,26
1993,4,26
1994,4,26
1995,4,26
1996,4,26
1997,4,26
1998,4,26
1999,4,26
2000,4,26
2001,4,30
2002,4,36
2003,4,36
2004,4,36
2005,4,36
2006,4,36
2007,4,36
2008,4,36
2009,4,36
2010,4,36
2011,4,37
2012,4,37
2013,4,37
2014,4,37
2015,4,37
2016,4,37
2017,4,37
2018,4,37
2019,4,37
2020,4,37
2021,4,37
2022,4,37
2023,4,37
2024,4,37
2025,4,37
2026,4,37
2027,4,37
2028,4,37
2029,4,37
2030,4,37
2031,4,37
2032,4,37
2033,4,37
2034,4,37
2035,4,37
2036,4,37
2037,4,37
2038,4,37
2039,4,37
2040,4,37
2041,4,37
2042,4,37
2043,4,37
2044,4,37
2045,4,37
2046,4,37
2047,4,37
2048,4,37
2049,4,37
2050,4,37
2051,4,37
2052,4,37
2053,4,37
2054,4,37
2055,4,37
2056,4,37
2057,4,37
2058,4,37
2059,3,37
2060,3,37
2061,3,37
2062,3,37
2063,3,37
2064,3,37
2065,3,37
2066,3,39
2067,3,41
2068,3,44
2069,3,44
2070,3,44
2071,3,44
2072,3,44
2073,3,44
2074,3,45
2075,3,47
2076,3,47
2077,3,47
2078,3,47
2079,3,47
2080,3,47
2081,3,47
2082,3,47
2083,3,47
2084,3,47
2085,3,47
2086,3,47
2087,3,47
2088,3,47
2089,3,47
2090,3,47
2091,3,50
2092,3,50
2093,3,50
2094,3,50
2095,3,50
2096,3,50
2097,3,50
2098,3,50
2099,3,50
2100,3,51
2101,3,51
2102,3,51
2103,3,51
2104,3,51
2105,3,51
2106,3,51
2107,3,51
2108,3,51
2109,3,51
2110,3,51
2111,3,51
2112,3,51
2113,3,51
2114,3,51
2115,3,51
2116,3,51
2117,3,51
2118,3,51
2119,3,51
2120,3,51
2121,3,51
2122,3,51
2123,3,51
2124,3,51
2125,3,51
2126,3,51
2127,3,51
2128,3,51
2129,3,51
2130,3,51
2131,3,51
2132,3,51
2133,3,51
2134,3,51
2135,3,51
2136,3,51
2137,3,51
2138,3,51
2139,3,51
2140,3,51
2141,3,51
2142,3,51
2143,3,51
2144,3,51
2145,3,51
2146,3,51
2147,3,51
2148,3,51
2149,3,51
2150,3,51
2151,3,51
2152,3,52
2153,3,52
2154,3,52
2155,3,52
2156,3,52
2157,3,52
2158,3,52
2159,3,52
2160,3,52
2161,3,52
2162,3,52
2163,3,53
2164,3,53
2165,3,53
2166,3,53
2167,3,54
2168,3,54
2169,3,54
2170,3,54
2171,3,54
2172,3,54
2173,3,54
2174,3,54
2175,3,54
2176,3,54
2177,3,54
2178,3,54
2179,3,54
2180,3,54
2181,3,54
2182,3,54
2183,3,54
2184,3,54
2185,3,54
2186,3,54
2187,3,55
2188,3,55
2189,3,56
2190,3,56
2191,3,56
2192,3,56
2193,3,56
2194,3,56
2195,3,56
2196,3,56
2197,3,56
2198,3,56
2199,3,56
2200,3,56
2201,3,56
2202,3,56
2203,3,57
2204,3,57
2205,3,57
2206,3,57
2207,3,57
2208,3,57
2209,3,57
2210,3,57
2211,3,57
2212,3,57
2213,3,57
2214,3,57
2215,3,57
2216,3,57
2217,3,57
2218,3,57
2219,3,57
2220,3,57
2221,3,57
2222,3,57
2223,3,57
2224,3,57
2225,3,57
2226,3,57
2227,3,57
2228,3,57
2229,3,57
2230,2,57
2231,2,57
2232,2,57
2233,2,57
2234,2,57
2235,2,57
2236,2,57
2237,2,57
2238,2,57
2239,2,57
2240,2,57
2241,2,57
2242,2,57
2243,2,57
2244,2,57
2245,24,92
2246,24,92
2247,24,92
2248,24,92
2249,24,92
2250,24,92
2251,24,92
2252,24,92
2253,24,92
2254,24,92
2255,24,92
2256,24,92
2257,24,92
2258,24,92
2259,23,92
2260,23,92
2261,23,92
2262,23,92
2263,23,92
2264,23,92
2265,23,92
2266,22,92
2267,22,92
2268,22,92
2269,22,92
2270,22,92
2271,22,92
2272,22,92
2273,22,92
2274,22,92
2275,22,92
2276,22,92
2277,22,94
2278,22,95
2279,21,95
2280,21,95
2281,21,96
2282,21,96
2283,21,96
2284,21,96
2285,21,96
2286,21,96
2287,21,96
2288,21,96
2289,21,96
2290,21,96
2291,21,96
2292,21,96
2293,21,96
2294,21,96
2295,21,96
2296,21,96
2297,21,96
2298,21,96
2299,21,96
2300,21,96
2301,21,96
2302,21,96
2303,21,96
2304,21,96
2305,21,96
2306,21,96
2307,21,96
2308,21,96
2309,21,96
2310,21,96
2311,21,96
2312,21,96
2313,21,96
2314,21,96
2315,21,96
2316,21,96
2317,21,96
2318,21,96
2319,20,96
2320,20,96
2321,20,96
2322,20,96
2323,20,96
2324,20,96
2325,20,96
2326,20,96
2327,20,96
2328,20,96
2329,20,96
2330,20,96
2331,20,96
2332,20,96
2333,20,96
2334,20,96
2335,20,96
2336,20,96
2337,20,96
2338,20,96
2339,20,96
2340,20,96
2341,20,96
2342,18,96
2343,19,94
2344,19,94
2345,19,94
2346,19,94
2347,19,94
2348,19,94
2349,19,94
2350,19,94
2351,19,94
2352,19,94
2353,19,94
2354,20,93
2355,21,92
2356,21,92
2357,21,92
2358,21,92
2359,21,92
2360,21,92
2361,21,92
2362,21,92
2363,21,92
2364,21,92
2365,21,92
2366,21,92
2367,21,92
2368,21,92
2369,20,92
2370,20,92
2371,20,92
2372,20,92
2373,20,92
2374,20,92
2375,20,92
2376,20,92
2377,20,92
2378,20,92
2379,19,92
2380,19,92
2381,19,92
2382,19,92
2383,19,92
2384,18,92
2385,18,92
2386,18,92
2387,18,92
2388,18,92
2389,18,92
2390,18,92
2391,18,92
2392,18,92
2393,18,92
2394,18,92
2395,18,92
2396,18,92
2397,18,92
2398,18,92
2399,18,92
2400,18,92
2401,18,93
2402,18,93
2403,18,93
2404,18,93
2405,18,93
2406,18,93
2407,18,93
2408,18,93
2409,18,93
2410,18,93
2411,18,93
2412,18,93
2413,18,93
2414,18,93
2415,18,93
2416,18,93
2417,18,93
2418,18,92
2419,18,92
2420,18,92
2421,18,92
2422,18,92
2423,18,92
2424,18,92
2425,18,92
2426,18,92
2427,18,92
2428,18,92
2429,18,92
2430,18,92
2431,18,92
2432,18,92
2433,18,92
2434,18,92
2435,18,92
2436,18,92
2437,18,92
2438,18,92
2439,18,92
2440,18,92
2441,18,92
2442,18,92
2443,18,92
2444,18,92
2445,18,92
2446,18,92
2447,18,92
2448,18,92
2449,18,92
2450,18,92
2451,18,92
2452,18,92
2453,18,92
2454,18,92
2455,18,92
2456,18,92
2457,18,92
2458,18,92
2459,18,92
2460,18,92
2461,18,92
2462,18,92
2463,18,92
2464,18,92
2465,18,92
2466,18,92
2467,18,92
2468,18,92
2469,18,92
2470,18,92
2471,18,92
2472,18,92
2473,18,92
2474,18,92
2475,18,92
2476,18,92
2477,18,92
2478,18,92
2479,18,92
2480,18,92
2481,18,92
2482,18,92
2483,18,92
2484,18,92
2485,18,92
2486,18,92
2487,18,92
2488,18,92
2489,18,92
2490,18,92
2491,11,93
2492,11,93
2493,11,93
2494,11,93
2495,11,93
2496,11,93
2497,11,93
2498,11,93
2499,11,93
2500,11,93
2501,11,93
2502,11,93
2503,11,93
2504,11,92
2505,11,92
2506,11,92
2507,11,92
2508,11,92
2509,11,92
2510,11,92
2511,11,92
2512,11,92
2513,11,92
2514,11,92
2515,11,92
2516,11,92
2517,11,92
2518,11,92
2519,11,92
2520,11,92
2521,11,92
2522,11,92
2523,11,92
2524,11,92
2525,11,92
2526,11,92
2527,11,92
2528,11,92
2529,11,92
2530,11,92
2531,11,92
2532,11,92
2533,11,92
2534,11,92
2535,11,92
2536,11,92
2537,11,92
2538,11,92
2539,11,92
2540,11,92
2541,11,92
2542,11,92
2543,11,92
2544,11,92
2545,11,92
2546,11,92
2547,11,92
2548,11,92
