0,1,2,3,4,5
0,0,117,741,0,Prey
0,1,165,26,0,Prey
0,2,684,441,0,Prey
0,3,345,524,0,Prey
0,4,249,696,0,Prey
0,5,347,311,0,Prey
0,6,29,73,0,Prey
0,7,69,237,0,Prey
0,8,117,58,0,Prey
0,9,491,687,0,Prey
0,10,648,183,0,Prey
0,11,93,383,0,Prey
0,12,509,602,0,Prey
0,13,236,518,0,Prey
0,14,665,55,0,Prey
0,15,417,164,0,Prey
0,16,56,447,0,Prey
0,17,404,733,0,Prey
0,18,213,704,0,Prey
0,19,26,223,0,Prey
0,20,392,329,0,Hunter
0,21,193,442,0,Hunter
0,22,209,529,0,Hunter
0,23,561,527,0,Hunter
0,24,567,538,0,Hunter
0,25,297,517,0,Hunter
0,26,567,284,0,Hunter
0,27,571,303,0,Hunter
0,28,716,668,0,Hunter
0,29,233,7,0,Hunter
0,30,686,584,0,Grass
0,31,186,204,0,Grass
0,32,112,524,0,Grass
0,33,178,72,0,Grass
0,34,341,498,0,Grass
0,35,361,60,0,Grass
0,36,246,214,0,Grass
0,37,138,489,0,Grass
0,38,34,85,0,Grass
0,39,150,525,0,Grass
0,40,638,367,0,Grass
0,41,350,566,0,Grass
0,42,27,718,0,Grass
0,43,286,610,0,Grass
0,44,203,721,0,Grass
1,0,117,741,0,Prey
1,1,165,26,0,Prey
1,2,684,440,0,Prey
1,3,345,523,0,Prey
1,4,248,696,0,Prey
1,5,347,311,0,Prey
1,6,29,73,0,Prey
1,7,70,237,0,Prey
1,8,117,58,0,Prey
1,9,491,687,0,Prey
1,10,647,183,0,Prey
1,11,93,383,0,Prey
1,12,508,601,0,Prey
1,13,236,518,0,Prey
1,14,666,54,0,Prey
1,15,416,164,0,Prey
1,16,55,447,0,Prey
1,17,404,733,0,Prey
1,18,213,704,0,Prey
1,19,27,223,0,Prey
1,20,393,329,0,Hunter
1,21,192,442,0,Hunter
1,22,210,529,0,Hunter
1,23,561,527,0,Hunter
1,24,566,538,0,Hunter
1,25,298,517,0,Hunter
1,26,567,283,0,Hunter
1,27,572,303,0,Hunter
1,28,715,667,0,Hunter
1,29,232,7,0,Hunter
1,30,686,584,0,Grass
1,31,186,204,0,Grass
1,32,112,524,0,Grass
1,33,178,72,0,Grass
1,34,341,498,0,Grass
1,35,361,60,0,Grass
1,36,246,214,0,Grass
1,37,138,489,0,Grass
1,38,34,85,0,Grass
1,39,150,525,0,Grass
1,40,638,367,0,Grass
1,41,350,566,0,Grass
1,42,27,718,0,Grass
1,43,286,610,0,Grass
1,44,203,721,0,Grass
2,0,117,742,0,Prey
2,1,165,25,0,Prey
2,2,684,440,0,Prey
2,3,344,523,0,Prey
2,4,248,695,0,Prey
2,5,348,311,0,Prey
2,6,28,73,0,Prey
2,7,70,237,0,Prey
2,8,116,58,0,Prey
2,9,491,686,0,Prey
2,10,647,182,0,Prey
2,11,93,382,0,Prey
2,12,508,601,0,Prey
2,13,235,518,0,Prey
2,14,666,54,0,Prey
2,15,416,164,0,Prey
2,16,55,447,0,Prey
2,17,405,733,0,Prey
2,18,212,704,0,Prey
2,19,27,223,0,Prey
2,20,394,329,0,Hunter
2,21,191,442,0,Hunter
2,22,211,530,0,Hunter
2,23,560,527,0,Hunter
2,24,566,539,0,Hunter
2,25,299,517,0,Hunter
2,26,566,283,0,Hunter
2,27,572,304,0,Hunter
2,28,715,666,0,Hunter
2,29,231,7,0,Hunter
2,30,686,584,0,Grass
2,31,186,204,0,Grass
2,32,112,524,0,Grass
2,33,178,72,0,Grass
2,34,341,498,0,Grass
2,35,361,60,0,Grass
2,36,246,214,0,Grass
2,37,138,489,0,Grass
2,38,34,85,0,Grass
2,39,150,525,0,Grass
2,40,638,367,0,Grass
2,41,350,566,0,Grass
2,42,27,718,0,Grass
2,43,286,610,0,Grass
2,44,203,721,0,Grass
3,0,117,742,0,Prey
3,1,165,25,0,Prey
3,2,684,439,0,Prey
3,3,344,522,0,Prey
3,4,247,695,0,Prey
3,5,348,311,0,Prey
3,6,28,73,0,Prey
3,7,70,237,0,Prey
3,8,116,58,0,Prey
3,9,490,686,0,Prey
3,10,646,182,0,Prey
3,11,94,382,0,Prey
3,12,508,600,0,Prey
3,13,235,518,0,Prey
3,14,666,53,0,Prey
3,15,415,165,0,Prey
3,16,54,447,0,Prey
3,17,405,733,0,Prey
3,18,212,704,0,Prey
3,19,27,222,0,Prey
3,20,395,328,0,Hunter
3,21,190,442,0,Hunter
3,22,212,530,0,Hunter
3,23,559,527,0,Hunter
3,24,565,540,0,Hunter
3,25,300,517,0,Hunter
3,26,566,282,0,Hunter
3,27,572,305,0,Hunter
3,28,714,665,0,Hunter
3,29,230,7,0,Hunter
3,30,686,584,0,Grass
3,31,186,204,0,Grass
3,32,112,524,0,Grass
3,33,178,72,0,Grass
3,34,341,498,0,Grass
3,35,361,60,0,Grass
3,36,246,214,0,Grass
3,37,138,489,0,Grass
3,38,34,85,0,Grass
3,39,150,525,0,Grass
3,40,638,367,0,Grass
3,41,350,566,0,Grass
3,42,27,718,0,Grass
3,43,286,610,0,Grass
3,44,203,721,0,Grass
4,0,117,743,0,Prey
4,1,166,24,0,Prey
4,2,684,439,0,Prey
4,3,344,522,0,Prey
4,4,247,695,0,Prey
4,5,349,311,0,Prey
4,6,27,73,0,Prey
4,7,71,238,0,Prey
4,8,115,58,0,Prey
4,9,490,685,0,Prey
4,10,646,182,0,Prey
4,11,94,382,0,Prey
4,12,507,600,0,Prey
4,13,234,518,0,Prey
4,14,666,53,0,Prey
4,15,415,165,0,Prey
4,16,54,447,0,Prey
4,17,406,733,0,Prey
4,18,211,704,0,Prey
4,19,27,222,0,Prey
4,20,396,328,0,Hunter
4,21,189,443,0,Hunter
4,22,212,531,0,Hunter
4,23,558,527,0,Hunter
4,24,564,541,0,Hunter
4,25,301,517,0,Hunter
4,26,565,282,0,Hunter
4,27,572,306,0,Hunter
4,28,713,664,0,Hunter
4,29,229,7,0,Hunter
4,30,686,584,0,Grass
4,31,186,204,0,Grass
4,32,112,524,0,Grass
4,33,178,72,0,Grass
4,34,341,498,0,Grass
4,35,361,60,0,Grass
4,36,246,214,0,Grass
4,37,138,489,0,Grass
4,38,34,85,0,Grass
4,39,150,525,0,Grass
4,40,638,367,0,Grass
4,41,350,566,0,Grass
4,42,27,718,0,Grass
4,43,286,610,0,Grass
4,44,203,721,0,Grass
5,0,117,743,0,Prey
5,1,166,24,0,Prey
5,2,684,438,0,Prey
5,3,344,521,0,Prey
5,4,247,695,0,Prey
5,5,349,311,0,Prey
5,6,27,73,0,Prey
5,7,71,238,0,Prey
5,8,115,58,0,Prey
5,9,490,685,0,Prey
5,10,645,182,0,Prey
5,11,95,382,0,Prey
5,12,507,600,0,Prey
5,13,234,518,0,Prey
5,14,666,52,0,Prey
5,15,414,165,0,Prey
5,16,53,447,0,Prey
5,17,406,733,0,Prey
5,18,211,704,0,Prey
5,19,28,221,0,Prey
5,20,397,328,0,Hunter
5,21,188,443,0,Hunter
5,22,213,531,0,Hunter
5,23,557,526,0,Hunter
5,24,564,541,0,Hunter
5,25,302,517,0,Hunter
5,26,565,281,0,Hunter
5,27,573,306,0,Hunter
5,28,713,664,0,Hunter
5,29,228,8,0,Hunter
5,30,686,584,0,Grass
5,31,186,204,0,Grass
5,32,112,524,0,Grass
5,33,178,72,0,Grass
5,34,341,498,0,Grass
5,35,361,60,0,Grass
5,36,246,214,0,Grass
5,37,138,489,0,Grass
5,38,34,85,0,Grass
5,39,150,525,0,Grass
5,40,638,367,0,Grass
5,41,350,566,0,Grass
5,42,27,718,0,Grass
5,43,286,610,0,Grass
5,44,203,721,0,Grass
6,0,117,744,0,Prey
6,1,166,24,0,Prey
6,2,684,438,0,Prey
6,3,344,521,0,Prey
6,4,246,695,0,Prey
6,5,350,311,0,Prey
6,6,26,73,0,Prey
6,7,72,238,0,Prey
6,8,114,58,0,Prey
6,9,490,684,0,Prey
6,10,645,182,0,Prey
6,11,95,381,0,Prey
6,12,507,599,0,Prey
6,14,666,52,0,Prey
6,15,414,165,0,Prey
6,16,53,447,0,Prey
6,17,407,733,0,Prey
6,18,210,704,0,Prey
6,19,28,221,0,Prey
6,20,398,328,0,Hunter
6,21,187,443,0,Hunter
6,22,214,531,0,Hunter
6,23,556,526,0,Hunter
6,24,563,542,0,Hunter
6,25,303,517,0,Hunter
6,26,565,281,0,Hunter
6,27,573,307,0,Hunter
6,28,712,663,0,Hunter
6,29,227,8,0,Hunter
6,30,686,584,0,Grass
6,31,186,204,0,Grass
6,32,112,524,0,Grass
6,33,178,72,0,Grass
6,34,341,498,0,Grass
6,35,361,60,0,Grass
6,36,246,214,0,Grass
6,37,138,489,0,Grass
6,38,34,85,0,Grass
6,39,150,525,0,Grass
6,40,638,367,0,Grass
6,41,350,566,0,Grass
6,42,27,718,0,Grass
6,43,286,610,0,Grass
6,44,203,721,0,Grass
6,45,214,531,0,Hunter
7,0,118,744,0,Prey
7,1,167,23,0,Prey
7,2,684,437,0,Prey
7,3,344,520,0,Prey
7,4,246,695,0,Prey
7,5,350,311,0,Prey
7,6,26,73,0,Prey
7,7,72,239,0,Prey
7,8,114,58,0,Prey
7,9,489,684,0,Prey
7,10,644,182,0,Prey
7,11,95,381,0,Prey
7,12,506,599,0,Prey
7,14,666,51,0,Prey
7,15,414,166,0,Prey
7,16,52,447,0,Prey
7,17,407,733,0,Prey
7,18,210,704,0,Prey
7,19,28,220,0,Prey
7,20,399,329,0,Hunter
7,21,186,443,0,Hunter
7,22,215,532,0,Hunter
7,23,555,527,0,Hunter
7,24,563,543,0,Hunter
7,25,304,517,0,Hunter
7,26,564,281,0,Hunter
7,27,573,307,0,Hunter
7,28,712,662,0,Hunter
7,29,226,8,0,Hunter
7,30,686,584,0,Grass
7,31,186,204,0,Grass
7,32,112,524,0,Grass
7,33,178,72,0,Grass
7,34,341,498,0,Grass
7,35,361,60,0,Grass
7,36,246,214,0,Grass
7,37,138,489,0,Grass
7,38,34,85,0,Grass
7,39,150,525,0,Grass
7,40,638,367,0,Grass
7,41,350,566,0,Grass
7,42,27,718,0,Grass
7,43,286,610,0,Grass
7,44,203,721,0,Grass
7,45,215,532,0,Hunter
8,0,118,745,0,Prey
8,1,167,23,0,Prey
8,2,684,437,0,Prey
8,3,344,520,0,Prey
8,4,245,695,0,Prey
8,5,351,311,0,Prey
8,6,25,73,0,Prey
8,7,72,239,0,Prey
8,8,113,58,0,Prey
8,9,489,684,0,Prey
8,10,644,182,0,Prey
8,11,96,381,0,Prey
8,12,506,598,0,Prey
8,14,666,51,0,Prey
8,15,413,166,0,Prey
8,16,52,447,0,Prey
8,17,408,733,0,Prey
8,18,209,704,0,Prey
8,19,28,220,0,Prey
8,20,400,329,0,Hunter
8,21,185,443,0,Hunter
8,22,216,532,0,Hunter
8,23,554,527,0,Hunter
8,24,562,543,0,Hunter
8,25,305,517,0,Hunter
8,26,564,280,0,Hunter
8,27,574,308,0,Hunter
8,28,712,661,0,Hunter
8,29,225,8,0,Hunter
8,30,686,584,0,Grass
8,31,186,204,0,Grass
8,32,112,524,0,Grass
8,33,178,72,0,Grass
8,34,341,498,0,Grass
8,35,361,60,0,Grass
8,36,246,214,0,Grass
8,37,138,489,0,Grass
8,38,34,85,0,Grass
8,39,150,525,0,Grass
8,40,638,367,0,Grass
8,41,350,566,0,Grass
8,42,27,718,0,Grass
8,43,286,610,0,Grass
8,44,203,721,0,Grass
8,45,215,532,0,Hunter
9,0,118,745,0,Prey
9,1,167,22,0,Prey
9,2,684,437,0,Prey
9,3,343,519,0,Prey
9,4,245,695,0,Prey
9,5,351,311,0,Prey
9,6,25,73,0,Prey
9,7,73,239,0,Prey
9,8,113,58,0,Prey
9,9,489,683,0,Prey
9,10,643,181,0,Prey
9,11,96,380,0,Prey
9,12,506,598,0,Prey
9,14,666,50,0,Prey
9,15,413,166,0,Prey
9,16,51,447,0,Prey
9,17,408,734,0,Prey
9,18,209,704,0,Prey
9,19,29,220,0,Prey
9,20,401,329,0,Hunter
9,21,184,443,0,Hunter
9,22,216,533,0,Hunter
9,23,554,527,0,Hunter
9,24,562,544,0,Hunter
9,25,306,517,0,Hunter
9,26,563,280,0,Hunter
9,27,574,308,0,Hunter
9,28,711,660,0,Hunter
9,29,224,8,0,Hunter
9,30,686,584,0,Grass
9,31,186,204,0,Grass
9,32,112,524,0,Grass
9,33,178,72,0,Grass
9,34,341,498,0,Grass
9,35,361,60,0,Grass
9,36,246,214,0,Grass
9,37,138,489,0,Grass
9,38,34,85,0,Grass
9,39,150,525,0,Grass
9,40,638,367,0,Grass
9,41,350,566,0,Grass
9,42,27,718,0,Grass
9,43,286,610,0,Grass
9,44,203,721,0,Grass
9,45,216,533,0,Hunter
10,0,118,746,0,Prey
10,1,167,22,0,Prey
10,2,684,436,0,Prey
10,3,343,519,0,Prey
10,4,244,695,0,Prey
10,5,352,311,0,Prey
10,6,24,73,0,Prey
10,7,73,240,0,Prey
10,8,112,58,0,Prey
10,9,488,683,0,Prey
10,10,643,181,0,Prey
10,11,97,380,0,Prey
10,12,505,598,0,Prey
10,14,666,50,0,Prey
10,15,412,166,0,Prey
10,16,51,448,0,Prey
10,17,409,734,0,Prey
10,18,208,703,0,Prey
10,19,29,219,0,Prey
10,20,402,329,0,Hunter
10,21,183,444,0,Hunter
10,22,217,534,0,Hunter
10,23,553,527,0,Hunter
10,24,561,545,0,Hunter
10,25,307,517,0,Hunter
10,26,563,280,0,Hunter
10,27,574,309,0,Hunter
10,28,711,659,0,Hunter
10,29,223,8,0,Hunter
10,30,686,584,0,Grass
10,31,186,204,0,Grass
10,32,112,524,0,Grass
10,33,178,72,0,Grass
10,34,341,498,0,Grass
10,35,361,60,0,Grass
10,36,246,214,0,Grass
10,37,138,489,0,Grass
10,38,34,85,0,Grass
10,39,150,525,0,Grass
10,40,638,367,0,Grass
10,41,350,566,0,Grass
10,42,27,718,0,Grass
10,43,286,610,0,Grass
10,44,203,721,0,Grass
10,45,217,533,0,Hunter
11,0,118,746,0,Prey
11,1,168,21,0,Prey
11,2,684,436,0,Prey
11,3,343,519,0,Prey
11,4,244,695,0,Prey
11,5,352,311,0,Prey
11,6,24,73,0,Prey
11,7,74,240,0,Prey
11,8,112,58,0,Prey
11,9,488,683,0,Prey
11,10,642,181,0,Prey
11,11,97,380,0,Prey
11,12,505,597,0,Prey
11,14,666,49,0,Prey
11,15,412,166,0,Prey
11,16,50,448,0,Prey
11,17,409,734,0,Prey
11,18,208,703,0,Prey
11,19,29,219,0,Prey
11,20,403,329,0,Hunter
11,21,182,444,0,Hunter
11,22,218,534,0,Hunter
11,23,552,527,0,Hunter
11,24,561,545,0,Hunter
11,25,308,517,0,Hunter
11,26,562,279,0,Hunter
11,27,574,310,0,Hunter
11,28,710,658,0,Hunter
11,29,222,8,0,Hunter
11,30,686,584,0,Grass
11,31,186,204,0,Grass
11,32,112,524,0,Grass
11,33,178,72,0,Grass
11,34,341,498,0,Grass
11,35,361,60,0,Grass
11,36,246,214,0,Grass
11,37,138,489,0,Grass
11,38,34,85,0,Grass
11,39,150,525,0,Grass
11,40,638,367,0,Grass
11,41,350,566,0,Grass
11,42,27,718,0,Grass
11,43,286,610,0,Grass
11,44,203,721,0,Grass
11,45,218,534,0,Hunter
12,0,118,747,0,Prey
12,1,168,21,0,Prey
12,2,683,435,0,Prey
12,3,343,518,0,Prey
12,4,243,695,0,Prey
12,5,353,311,0,Prey
12,6,23,73,0,Prey
12,7,74,240,0,Prey
12,8,111,58,0,Prey
12,9,487,682,0,Prey
12,10,642,181,0,Prey
12,11,97,379,0,Prey
12,12,505,597,0,Prey
12,14,666,49,0,Prey
12,15,411,166,0,Prey
12,16,50,448,0,Prey
12,17,410,734,0,Prey
12,18,207,703,0,Prey
12,19,29,218,0,Prey
12,20,404,329,0,Hunter
12,21,181,444,0,Hunter
12,22,218,535,0,Hunter
12,23,551,527,0,Hunter
12,24,560,546,0,Hunter
12,25,309,517,0,Hunter
12,26,562,279,0,Hunter
12,27,575,310,0,Hunter
12,28,709,657,0,Hunter
12,29,221,9,0,Hunter
12,30,686,584,0,Grass
12,31,186,204,0,Grass
12,32,112,524,0,Grass
12,33,178,72,0,Grass
12,34,341,498,0,Grass
12,35,361,60,0,Grass
12,36,246,214,0,Grass
12,37,138,489,0,Grass
12,38,34,85,0,Grass
12,39,150,525,0,Grass
12,40,638,367,0,Grass
12,41,350,566,0,Grass
12,42,27,718,0,Grass
12,43,286,610,0,Grass
12,44,203,721,0,Grass
12,45,219,534,0,Hunter
13,0,118,747,0,Prey
13,1,168,21,0,Prey
13,2,683,435,0,Prey
13,3,342,518,0,Prey
13,4,243,695,0,Prey
13,5,353,311,0,Prey
13,6,23,73,0,Prey
13,7,74,241,0,Prey
13,8,111,58,0,Prey
13,9,487,682,0,Prey
13,10,641,181,0,Prey
13,11,98,379,0,Prey
13,12,505,597,0,Prey
13,14,667,48,0,Prey
13,15,411,166,0,Prey
13,16,49,448,0,Prey
13,17,410,734,0,Prey
13,18,207,703,0,Prey
13,19,30,218,0,Prey
13,20,405,330,0,Hunter
13,21,180,444,0,Hunter
13,22,219,535,0,Hunter
13,23,550,527,0,Hunter
13,24,559,546,0,Hunter
13,25,310,517,0,Hunter
13,26,562,278,0,Hunter
13,27,575,311,0,Hunter
13,28,709,657,0,Hunter
13,29,220,9,0,Hunter
13,30,686,584,0,Grass
13,31,186,204,0,Grass
13,32,112,524,0,Grass
13,33,178,72,0,Grass
13,34,341,498,0,Grass
13,35,361,60,0,Grass
13,36,246,214,0,Grass
13,37,138,489,0,Grass
13,38,34,85,0,Grass
13,39,150,525,0,Grass
13,40,638,367,0,Grass
13,41,350,566,0,Grass
13,42,27,718,0,Grass
13,43,286,610,0,Grass
13,44,203,721,0,Grass
13,45,220,535,0,Hunter
14,0,118,748,0,Prey
14,1,168,20,0,Prey
14,2,683,434,0,Prey
14,3,342,517,0,Prey
14,4,242,695,0,Prey
14,5,354,311,0,Prey
14,6,22,73,0,Prey
14,7,75,241,0,Prey
14,8,110,58,0,Prey
14,9,487,682,0,Prey
14,10,641,181,0,Prey
14,11,98,379,0,Prey
14,12,504,596,0,Prey
14,14,667,48,0,Prey
14,15,410,166,0,Prey
14,16,49,448,0,Prey
14,17,411,734,0,Prey
14,18,206,704,0,Prey
14,19,30,217,0,Prey
14,20,406,330,0,Hunter
14,21,179,444,0,Hunter
14,22,220,536,0,Hunter
14,23,550,527,0,Hunter
14,24,559,547,0,Hunter
14,25,311,517,0,Hunter
14,26,561,278,0,Hunter
14,27,575,311,0,Hunter
14,28,708,656,0,Hunter
14,29,219,9,0,Hunter
14,30,686,584,0,Grass
14,31,186,204,0,Grass
14,32,112,524,0,Grass
14,33,178,72,0,Grass
14,34,341,498,0,Grass
14,35,361,60,0,Grass
14,36,246,214,0,Grass
14,37,138,489,0,Grass
14,38,34,85,0,Grass
14,39,150,525,0,Grass
14,40,638,367,0,Grass
14,41,350,566,0,Grass
14,42,27,718,0,Grass
14,43,286,610,0,Grass
14,44,203,721,0,Grass
14,45,221,535,0,Hunter
15,0,118,748,0,Prey
15,1,169,20,0,Prey
15,2,684,434,0,Prey
15,3,342,517,0,Prey
15,4,242,695,0,Prey
15,5,354,311,0,Prey
15,6,22,73,0,Prey
15,7,75,241,0,Prey
15,8,110,58,0,Prey
15,9,486,682,0,Prey
15,10,640,181,0,Prey
15,11,98,378,0,Prey
15,12,504,596,0,Prey
15,14,667,47,0,Prey
15,15,410,167,0,Prey
15,16,48,448,0,Prey
15,17,411,734,0,Prey
15,18,206,704,0,Prey
15,19,30,217,0,Prey
15,20,407,330,0,Hunter
15,21,178,444,0,Hunter
15,22,221,537,0,Hunter
15,23,549,527,0,Hunter
15,24,558,547,0,Hunter
15,25,312,517,0,Hunter
15,26,561,278,0,Hunter
15,27,576,312,0,Hunter
15,28,708,655,0,Hunter
15,29,218,9,0,Hunter
15,30,686,584,0,Grass
15,31,186,204,0,Grass
15,32,112,524,0,Grass
15,33,178,72,0,Grass
15,34,341,498,0,Grass
15,35,361,60,0,Grass
15,36,246,214,0,Grass
15,37,138,489,0,Grass
15,38,34,85,0,Grass
15,39,150,525,0,Grass
15,40,638,367,0,Grass
15,41,350,566,0,Grass
15,42,27,718,0,Grass
15,43,286,610,0,Grass
15,44,203,721,0,Grass
15,45,221,536,0,Hunter
16,0,118,749,0,Prey
16,1,169,19,0,Prey
16,2,684,433,0,Prey
16,3,342,516,0,Prey
16,4,241,695,0,Prey
16,5,355,311,0,Prey
16,6,21,73,0,Prey
16,7,76,241,0,Prey
16,8,109,58,0,Prey
16,9,486,681,0,Prey
16,10,640,181,0,Prey
16,11,99,378,0,Prey
16,12,504,595,0,Prey
16,14,667,47,0,Prey
16,15,409,167,0,Prey
16,16,48,448,0,Prey
16,17,411,735,0,Prey
16,18,206,704,0,Prey
16,19,30,217,0,Prey
16,20,408,330,0,Hunter
16,21,177,445,0,Hunter
16,22,221,537,0,Hunter
16,23,548,528,0,Hunter
16,24,557,547,0,Hunter
16,25,313,517,0,Hunter
16,26,560,278,0,Hunter
16,27,576,312,0,Hunter
16,28,707,654,0,Hunter
16,29,217,9,0,Hunter
16,30,686,584,0,Grass
16,31,186,204,0,Grass
16,32,112,524,0,Grass
16,33,178,72,0,Grass
16,34,341,498,0,Grass
16,35,361,60,0,Grass
16,36,246,214,0,Grass
16,37,138,489,0,Grass
16,38,34,85,0,Grass
16,39,150,525,0,Grass
16,40,638,367,0,Grass
16,41,350,566,0,Grass
16,42,27,718,0,Grass
16,43,286,610,0,Grass
16,44,203,721,0,Grass
16,45,222,536,0,Hunter
17,0,118,749,0,Prey
17,1,169,19,0,Prey
17,2,684,433,0,Prey
17,3,341,516,0,Prey
17,4,241,695,0,Prey
17,5,355,311,0,Prey
17,6,21,73,0,Prey
17,7,76,241,0,Prey
17,8,109,58,0,Prey
17,9,485,681,0,Prey
17,10,639,181,0,Prey
17,11,99,378,0,Prey
17,12,503,595,0,Prey
17,14,667,46,0,Prey
17,15,409,167,0,Prey
17,16,47,448,0,Prey
17,17,412,735,0,Prey
17,18,205,704,0,Prey
17,19,31,216,0,Prey
17,20,409,330,0,Hunter
17,21,176,445,0,Hunter
17,22,222,538,0,Hunter
17,23,547,528,0,Hunter
17,24,556,548,0,Hunter
17,25,314,517,0,Hunter
17,26,560,277,0,Hunter
17,27,576,313,0,Hunter
17,28,706,654,0,Hunter
17,29,216,9,0,Hunter
17,30,686,584,0,Grass
17,31,186,204,0,Grass
17,32,112,524,0,Grass
17,33,178,72,0,Grass
17,34,341,498,0,Grass
17,35,361,60,0,Grass
17,36,246,214,0,Grass
17,37,138,489,0,Grass
17,38,34,85,0,Grass
17,39,150,525,0,Grass
17,40,638,367,0,Grass
17,41,350,566,0,Grass
17,42,27,718,0,Grass
17,43,286,610,0,Grass
17,44,203,721,0,Grass
17,45,223,537,0,Hunter
18,0,118,750,0,Prey
18,1,170,19,0,Prey
18,2,684,432,0,Prey
18,3,341,516,0,Prey
18,4,240,695,0,Prey
18,5,356,311,0,Prey
18,6,20,73,0,Prey
18,7,77,242,0,Prey
18,8,108,57,0,Prey
18,9,485,681,0,Prey
18,10,639,181,0,Prey
18,11,99,377,0,Prey
18,12,503,595,0,Prey
18,14,667,46,0,Prey
18,15,408,167,0,Prey
18,16,47,448,0,Prey
18,17,412,735,0,Prey
18,18,205,704,0,Prey
18,19,31,216,0,Prey
18,20,410,331,0,Hunter
18,21,175,445,0,Hunter
18,22,223,538,0,Hunter
18,23,546,528,0,Hunter
18,24,556,548,0,Hunter
18,25,315,517,0,Hunter
18,26,559,277,0,Hunter
18,27,576,314,0,Hunter
18,28,706,653,0,Hunter
18,29,215,9,0,Hunter
18,30,686,584,0,Grass
18,31,186,204,0,Grass
18,32,112,524,0,Grass
18,33,178,72,0,Grass
18,34,341,498,0,Grass
18,35,361,60,0,Grass
18,36,246,214,0,Grass
18,37,138,489,0,Grass
18,38,34,85,0,Grass
18,39,150,525,0,Grass
18,40,638,367,0,Grass
18,41,350,566,0,Grass
18,42,27,718,0,Grass
18,43,286,610,0,Grass
18,44,203,721,0,Grass
18,45,224,537,0,Hunter
19,0,118,750,0,Prey
19,1,170,18,0,Prey
19,2,684,432,0,Prey
19,3,341,515,0,Prey
19,4,240,695,0,Prey
19,5,356,311,0,Prey
19,6,20,73,0,Prey
19,7,77,242,0,Prey
19,8,108,57,0,Prey
19,9,485,680,0,Prey
19,10,638,181,0,Prey
19,11,100,377,0,Prey
19,12,503,594,0,Prey
19,14,667,45,0,Prey
19,15,408,167,0,Prey
19,16,46,448,0,Prey
19,17,413,735,0,Prey
19,18,204,704,0,Prey
19,19,31,215,0,Prey
19,20,411,331,0,Hunter
19,21,174,445,0,Hunter
19,22,223,539,0,Hunter
19,23,545,528,0,Hunter
19,24,555,549,0,Hunter
19,25,316,517,0,Hunter
19,26,559,277,0,Hunter
19,27,577,314,0,Hunter
19,28,705,652,0,Hunter
19,29,214,9,0,Hunter
19,30,686,584,0,Grass
19,31,186,204,0,Grass
19,32,112,524,0,Grass
19,33,178,72,0,Grass
19,34,341,498,0,Grass
19,35,361,60,0,Grass
19,36,246,214,0,Grass
19,37,138,489,0,Grass
19,38,34,85,0,Grass
19,39,150,525,0,Grass
19,40,638,367,0,Grass
19,41,350,566,0,Grass
19,42,27,718,0,Grass
19,43,286,610,0,Grass
19,44,203,721,0,Grass
19,45,225,538,0,Hunter
20,0,118,0,0,Prey
20,1,170,18,0,Prey
20,2,684,431,0,Prey
20,3,340,515,0,Prey
20,4,239,694,0,Prey
20,5,357,311,0,Prey
20,6,19,73,0,Prey
20,7,78,242,0,Prey
20,8,107,57,0,Prey
20,9,484,680,0,Prey
20,10,638,180,0,Prey
20,11,100,377,0,Prey
20,12,502,594,0,Prey
20,14,668,45,0,Prey
20,15,407,167,0,Prey
20,16,46,448,0,Prey
20,17,413,735,0,Prey
20,18,204,704,0,Prey
20,19,31,215,0,Prey
20,20,411,331,0,Hunter
20,21,173,445,0,Hunter
20,22,224,540,0,Hunter
20,23,545,528,0,Hunter
20,24,554,549,0,Hunter
20,25,317,517,0,Hunter
20,26,558,276,0,Hunter
20,27,577,315,0,Hunter
20,28,705,651,0,Hunter
20,29,213,9,0,Hunter
20,30,686,584,0,Grass
20,31,186,204,0,Grass
20,32,112,524,0,Grass
20,33,178,72,0,Grass
20,34,341,498,0,Grass
20,35,361,60,0,Grass
20,36,246,214,0,Grass
20,37,138,489,0,Grass
20,38,34,85,0,Grass
20,39,150,525,0,Grass
20,40,638,367,0,Grass
20,41,350,566,0,Grass
20,42,27,718,0,Grass
20,43,286,610,0,Grass
20,44,203,721,0,Grass
20,45,226,538,0,Hunter
21,0,118,1,0,Prey
21,1,171,18,0,Prey
21,2,684,431,0,Prey
21,4,239,694,0,Prey
21,5,357,311,0,Prey
21,6,19,74,0,Prey
21,7,78,242,0,Prey
21,8,107,57,0,Prey
21,9,484,680,0,Prey
21,10,637,180,0,Prey
21,11,100,376,0,Prey
21,12,502,593,0,Prey
21,14,668,45,0,Prey
21,15,407,167,0,Prey
21,16,45,448,0,Prey
21,17,414,735,0,Prey
21,18,203,704,0,Prey
21,19,32,214,0,Prey
21,20,412,331,0,Hunter
21,21,172,446,0,Hunter
21,22,225,540,0,Hunter
21,23,544,529,0,Hunter
21,24,553,549,0,Hunter
21,25,317,517,0,Hunter
21,26,558,276,0,Hunter
21,27,577,315,0,Hunter
21,28,704,650,0,Hunter
21,29,212,9,0,Hunter
21,30,686,584,0,Grass
21,31,186,204,0,Grass
21,32,112,524,0,Grass
21,33,178,72,0,Grass
21,34,341,498,0,Grass
21,35,361,60,0,Grass
21,36,246,214,0,Grass
21,37,138,489,0,Grass
21,38,34,85,0,Grass
21,39,150,525,0,Grass
21,40,638,367,0,Grass
21,41,350,566,0,Grass
21,42,27,718,0,Grass
21,43,286,610,0,Grass
21,44,203,721,0,Grass
21,45,227,539,0,Hunter
21,46,317,517,0,Hunter
22,0,118,1,0,Prey
22,1,171,17,0,Prey
22,2,684,430,0,Prey
22,4,238,694,0,Prey
22,5,358,311,0,Prey
22,6,18,74,0,Prey
22,7,79,242,0,Prey
22,8,106,57,0,Prey
22,9,483,680,0,Prey
22,10,637,180,0,Prey
22,11,101,376,0,Prey
22,12,502,593,0,Prey
22,14,668,44,0,Prey
22,15,406,167,0,Prey
22,16,45,448,0,Prey
22,17,414,735,0,Prey
22,18,203,704,0,Prey
22,19,32,214,0,Prey
22,20,413,331,0,Hunter
22,21,171,446,0,Hunter
22,22,226,541,0,Hunter
22,23,543,529,0,Hunter
22,24,552,550,0,Hunter
22,25,318,517,0,Hunter
22,26,557,276,0,Hunter
22,27,578,316,0,Hunter
22,28,704,649,0,Hunter
22,29,211,9,0,Hunter
22,30,686,584,0,Grass
22,31,186,204,0,Grass
22,32,112,524,0,Grass
22,33,178,72,0,Grass
22,34,341,498,0,Grass
22,35,361,60,0,Grass
22,36,246,214,0,Grass
22,37,138,489,0,Grass
22,38,34,85,0,Grass
22,39,150,525,0,Grass
22,40,638,367,0,Grass
22,41,350,566,0,Grass
22,42,27,718,0,Grass
22,43,286,610,0,Grass
22,44,203,721,0,Grass
22,45,227,540,0,Hunter
22,46,318,517,0,Hunter
23,0,118,2,0,Prey
23,1,171,17,0,Prey
23,2,684,430,0,Prey
23,4,238,694,0,Prey
23,5,358,311,0,Prey
23,6,18,74,0,Prey
23,7,79,242,0,Prey
23,8,106,57,0,Prey
23,9,483,679,0,Prey
23,10,636,180,0,Prey
23,11,101,375,0,Prey
23,12,501,593,0,Prey
23,14,668,44,0,Prey
23,15,406,167,0,Prey
23,16,44,448,0,Prey
23,17,415,736,0,Prey
23,18,202,704,0,Prey
23,19,32,213,0,Prey
23,20,414,331,0,Hunter
23,21,170,446,0,Hunter
23,22,226,541,0,Hunter
23,23,542,529,0,Hunter
23,24,552,550,0,Hunter
23,25,319,517,0,Hunter
23,26,557,276,0,Hunter
23,27,578,316,0,Hunter
23,28,703,649,0,Hunter
23,29,210,9,0,Hunter
23,30,686,584,0,Grass
23,31,186,204,0,Grass
23,32,112,524,0,Grass
23,33,178,72,0,Grass
23,34,341,498,0,Grass
23,35,361,60,0,Grass
23,36,246,214,0,Grass
23,37,138,489,0,Grass
23,38,34,85,0,Grass
23,39,150,525,0,Grass
23,40,638,367,0,Grass
23,41,350,566,0,Grass
23,42,27,718,0,Grass
23,43,286,610,0,Grass
23,44,203,721,0,Grass
23,45,228,540,0,Hunter
23,46,319,516,0,Hunter
